 [{ "indexnumber": "10869956", "first_name": "LUORNOR", "last_name": "NATHAN TETTEY", "outstanding_fees": 259.17 }, { "indexnumber": "10909989", "first_name": "QUARSHIE", "last_name": "FRANCIS", "outstanding_fees": 483.14 }, { "indexnumber": "10898029", "first_name": "CHRISTELL", "last_name": "TAWIAH", "outstanding_fees": 569.73 }, { "indexnumber": "10889628", "first_name": "ANTWI BOASIAKO", "last_name": "MAAME YAA HENEWAAA", "outstanding_fees": 242.56 }, { "indexnumber": "10880660", "first_name": "NII-GYAN", "last_name": "CHRISTIAN", "outstanding_fees": 797.72 }, { "indexnumber": "10904196", "first_name": "COMMODORE", "last_name": "DERRICK", "outstanding_fees": -170.49 }, { "indexnumber": "10889220", "first_name": "ADISENU STANLEY", "last_name": "EDEM KWESI", "outstanding_fees": -41.640015 }, { "indexnumber": "10924072", "first_name": "OGBOGOH EBUKA", "last_name": "JOSHUA", "outstanding_fees": 537.82 }, { "indexnumber": "10890540", "first_name": "JAYMILLS", "last_name": "PRINCE", "outstanding_fees": -174.41 }, { "indexnumber": "10922580", "first_name": "ABOAGYE FAFA", "last_name": "KOFI", "outstanding_fees": 653.73 }, { "indexnumber": "10879657", "first_name": "┬áABDUL", "last_name": " KUDUS MUSAH", "outstanding_fees": -191.24998 }, { "indexnumber": "10893090", "first_name": "BOATENG", "last_name": "KELVIN PRINCE", "outstanding_fees": 390.06 }, { "indexnumber": "10912305", "first_name": "NKRUMAH", "last_name": "AKUA SERWAA", "outstanding_fees": -181.13002 }, { "indexnumber": "10878722", "first_name": "CHUNKUH", "last_name": "YEYUNG", "outstanding_fees": 551.73 }, { "indexnumber": "10869594", "first_name": "FIAGBENYA", "last_name": "EDUDZI MACKBETH", "outstanding_fees": -129.33 }, { "indexnumber": "10896031", "first_name": "ADAMA RUTH", "last_name": "SENAM", "outstanding_fees": 88.359985 }, { "indexnumber": "10900057", "first_name": "TARIQ", "last_name": "NASSER DEEN", "outstanding_fees": 712.3 }, { "indexnumber": "10863450", "first_name": "BOADU", "last_name": "JEFFREY BOSOMPEM", "outstanding_fees": 728.62 }, { "indexnumber": "10893769", "first_name": "KUSHIEME", "last_name": "KINGSMAN", "outstanding_fees": 460.87 }, { "indexnumber": "10885671", "first_name": " FELIX", "last_name": "YIADOM", "outstanding_fees": 311.16003 }, { "indexnumber": "10906967", "first_name": "ABU-ISHMAEL", "last_name": "YUSIF KWESI", "outstanding_fees": -73.600006 }, { "indexnumber": "10908786", "first_name": "AFIA DABANKA", "last_name": "AKYAA", "outstanding_fees": -234.94002 }, { "indexnumber": "10895794", "first_name": "OPARE-OSABUTEY", "last_name": "ELLIS", "outstanding_fees": -169.45 }, { "indexnumber": "10920593", "first_name": "MAC-ARTHUR", "last_name": "IMMANUEL JUSTICE", "outstanding_fees": 425.81998 }, { "indexnumber": "10903301", "first_name": "ABUBAKARI", "last_name": "AL-WAASIU", "outstanding_fees": 326.71002 }, { "indexnumber": "10895681", "first_name": "NYAME", "last_name": "KOFI", "outstanding_fees": -148.82 }, { "indexnumber": "10885854", "first_name": "LAMPTEY", "last_name": "EMMANUELLA", "outstanding_fees": 279.7 }, { "indexnumber": "10867516", "first_name": "STEPHEN", "last_name": "NORTEY", "outstanding_fees": 526.66003 }, { "indexnumber": "10867736", "first_name": "MENSAH", "last_name": "ATO NYAMEKYE", "outstanding_fees": 209.76001 }, { "indexnumber": "10908266", "first_name": "NUERTEY", "last_name": "OBED", "outstanding_fees": 745.08 }, { "indexnumber": "10885857", "first_name": "QUARTSON JERRY", "last_name": "JUSTICE", "outstanding_fees": -23.539993 }, { "indexnumber": "10913721", "first_name": "AVEMEGAH ENAM", "last_name": "AVEMEGAH ENAM BERNICE", "outstanding_fees": 298.03003 }, { "indexnumber": "10889611", "first_name": "DWUMFOUR BERNARD", "last_name": "KUSI", "outstanding_fees": 84.41998 }]